{
  "name": "Mozart Finance Default List",
  "timestamp": "2021-04-01T09:56:23Z",
  "version": {
    "major": 1,
    "minor": 0,
    "patch": 0
  },
  "tags": {},
  "logoURI": "/images/coins/BNB.png",
  "keywords": ["pancake", "default"],
  "tokens": [
    {
      "name": "Akino Inu",
      "symbol": "AKINO",
      "address": "0x1ac9A46C4031D949b1135Bf4Ceab5f259d1343Af",
      "chainId": 56,
      "decimals": 9,
      "logoURI": "https://akinoinu.com/logo.png/akino.png"
    },
    {
      "name": "WBNB Token",
      "symbol": "WBNB",
      "address": "0xbb4cdb9cbd36b01bd1cbaebf2de08d9173bc095c",
      "chainId": 56,
      "decimals": 18,
      "logoURI": "https://exchange.pancakeswap.finance/images/coins/0xbb4cdb9cbd36b01bd1cbaebf2de08d9173bc095c.png"
    },
    {
      "name": "Ethereum Token",
      "symbol": "ETH",
      "address": "0x2170ed0880ac9a755fd29b2688956bd959f933f8",
      "chainId": 56,
      "decimals": 18,
      "logoURI": "https://exchange.pancakeswap.finance/images/coins/0x2170ed0880ac9a755fd29b2688956bd959f933f8.png"
    },
    {
      "name": "Floki Inu",
      "symbol": "FLOKI",
      "address": "0x2b3f34e9d4b127797ce6244ea341a83733ddd6e4",
      "chainId": 56,
      "decimals": 9,
      "logoURI": "https://s2.coinmarketcap.com/static/img/coins/64x64/10804.png"
    },
    {
      "name": "BUSD Token",
      "symbol": "BUSD",
      "address": "0xe9e7cea3dedca5984780bafc599bd69add087d56",
      "chainId": 56,
      "decimals": 18,
      "logoURI": "https://exchange.pancakeswap.finance/images/coins/0xe9e7cea3dedca5984780bafc599bd69add087d56.png"
    },
    {
      "name": "Tether USD",
      "symbol": "USDT",
      "address": "0x55d398326f99059ff775485246999027b3197955",
      "chainId": 56,
      "decimals": 18,
      "logoURI": "https://exchange.pancakeswap.finance/images/coins/0x55d398326f99059ff775485246999027b3197955.png"
    },
    {
      "name": "MemeSwap Token",
      "symbol": "MESP",
      "address": "0x8908c118a8eada22fafe7f746e9751586c24bb1d",
      "chainId": 56,
      "decimals": 18,
      "logoURI": "https://memeswap.exchange/img/logo96.png"
    },
    {
      "name": "The Flight",
      "symbol": "FLGHT",
      "address": "0x1e5ea229e29e12d65c3c0b7fcf4bc0c502ce60a8",
      "chainId": 56,
      "decimals": 18,
      "logoURI": "http://sniperswap.com/img/flght64.png"
    }
  ]
}
